Cluster,SeniorCitizen,tenure,MonthlyCharges,gender_Male,Dependents_Yes,PhoneService_Yes,MultipleLines_Yes,InternetService_Fiber optic,Contract_One year,Contract_Two year,Churn_Yes
0,-0.0561232051446781,-0.05962601859774438,-0.8055988671024209,0.056922229548484624,-0.038800737717799745,-2.952171288275007,-0.08970331964034088,-0.002682530102555657,0.01899044820135214,0.015795162182546823,-0.03874558887004679
1,0.25859601400786103,-0.6114055305214723,0.44110745870936247,-0.06648404323316297,-0.2743040473896337,0.338733732684025,0.0025561876435010174,-0.01910519956794772,-0.0375545465372337,-0.018561940016286867,1.6621478634250164
2,-0.07614702216137681,0.2433011637422934,-0.026683385236104598,0.010783527367979827,0.10979569512809058,0.33873373268402496,1.1643082947205563,0.4386842953631842,0.006666898279083021,0.10474498783208305,-0.5839108077939991
3,-0.0904748686271617,0.2187306498874984,-0.03784809601738691,0.018269066444627467,0.10095197107744407,0.338733732684025,-0.8588790482163563,-0.3194464254633744,0.013492967269799526,-0.07192742002818683,-0.5982757880498737
